,defect_type,roc_auc
0,bottle,0.9984126984126984
1,cable,0.9010494752623688
2,capsule,0.8496210610291184
3,carpet,0.8615569823434992
4,grid,0.9866332497911445
5,hazelnut,0.9717857142857144
6,leather,1.0
7,metal_nut,0.9853372434017595
8,pill,0.9320785597381342
9,screw,0.7144906743185079
10,tile,0.9668109668109668
11,toothbrush,0.9
12,transistor,0.9175
13,wood,0.986842105263158
14,zipper,0.9978991596638656
